scrip_code,member_code,client_id
554412,212,65004
555835,112,N146
555835,112,S8K200
555835,202,W4EEPKAND
555835,212,491075
555835,271,10101
555835,271,10P053
555835,271,10S074
555835,298,W4D131
555835,3037,L16WN
555835,3052,X3SS14
555835,3056,L16WN
555835,316,893K05
555835,336,302000004
555835,365,8VM21
555835,379,98767
555835,42,0L019
555835,42,2H001
555835,53,T7NP7B04
555835,635,H20124
555835,635,K175075
555835,748,K17034
555835,760,L16WN
555835,802,I19ST
555835,802,S8ON06
556114,112,O13712
556114,149,56H2
556114,164,87R022
556114,187,L16WN
556114,238,X3S251
556114,258,H20A1585
556114,258,H20A2931
556114,276,Y2455P23
556114,3037,L16WN
556114,3060,L16WN
556114,3094,J18P25
556114,3175,L16WN
556114,336,N145632
556114,345,Q10YM07
556114,469,J18AC017
556114,469,Y2RP0118
556114,521,I19DK01
556114,53,T7KOA025
556114,542,8V36
556114,562,G21119
556114,631,K177501
556114,635,I19A72
556114,635,Q105233
556114,659,I19P0SM17
556114,659,W4J0MB9
556114,715,H20J1006
556114,771,52764
556114,771,803865
556114,799,N1457003
556114,927,L16WN
556114,929,871S010
556114,940,800B10
556114,941,Z1010B003
556114,971,L16WN
556114,982,H200014720
556155,1012,I19M047
556155,112,172563
556155,112,39H111
556155,112,647015
556155,112,804C01
556155,112,824P01
556155,112,8N018
556155,112,8S514
556155,112,8V189
556155,112,8V220
556155,112,M15726
556155,112,V51
556155,112,Z1
556155,120,E23001
556155,129,70023
556155,129,71502
556155,133,7937
556155,134,36206
556155,134,45785
556155,134,49015
556155,134,62106
556155,134,67019
556155,134,67066
556155,134,67311
556155,134,68217
556155,134,69012
556155,138,L16WN
556155,144,N14U01S023
556155,144,Z1H00J049
556155,145,H203879
556155,145,H206151
556155,145,I1901013
556155,145,I1901255
556155,145,I1914108
556155,145,I1918009
556155,145,I1931131
556155,145,Y218364
556155,145,Y233067
556155,145,Y233152
556155,145,Y237189
556155,145,Y237329
556155,145,Y244221
556155,145,Y245273
556155,145,Y246203
556155,148,67400035
556155,148,80700290
556155,148,87000099
556155,149,5915S003
556155,149,67B5
556155,149,67K27
556155,149,83R777
556155,149,91J82
556155,149,96223
556155,149,99B42
556155,161,2900
556155,161,5001
556155,162,6514
556155,164,27M001
556155,164,56D004
556155,164,60B031
556155,164,60K005
556155,164,81K088
556155,164,V5SK20
556155,167,L16WN
556155,176,L16WN
556155,176,P111115
556155,176,S82700
556155,178,5043
556155,187,L16WN
556155,187,N14D004
556155,187,Q10J349
556155,187,Q10J493
556155,187,Z1D1533
556155,193,3004
556155,193,67300
556155,193,75520
556155,197,E232089
556155,197,I19ID34
556155,197,I19S161
556155,202,K17RATSANG
556155,202,W4IGVRAMA
556155,202,X3HANPRAH
556155,2024,G21B753
556155,2024,P11P02
556155,2024,V5I61
556155,204,X3CK08
556155,204,X3GT11
556155,204,X3T183
556155,205,N144551
556155,205,Q10530
556155,205,Y24504
556155,206,2770
556155,206,2823
556155,207,80126
556155,208,E23A008
556155,208,K17B102
556155,208,N14S421
556155,208,U606K048
556155,208,U672V064
556155,208,Y208D014
556155,209,5476
556155,209,N140028
556155,210,07009
556155,210,52001
556155,212,571148
556155,212,701068
556155,214,L16WN
556155,214,W4L010208
556155,219,75019
556155,220,806050
556155,226,Z1081
556155,227,N14037
556155,234,79S
556155,24,L16WN
556155,24,N14B20
556155,24,V5S21
556155,240,0083
556155,240,0204
556155,240,40925
556155,240,46247
556155,240,53009
556155,254,L16WN
556155,258,33N3
556155,258,34BN51
556155,258,50A03
556155,258,50P07
556155,258,50S54
556155,258,6E038
556155,258,6S012
556155,258,H201217
556155,258,H202041
556155,258,J18RJK09
556155,258,J18RJP09
556155,258,J18RJS16
556155,258,L16V003
556155,258,M15LO16
556155,258,Y2BN13
556155,26,00355
556155,26,22770
556155,26,22785
556155,26,36416
556155,26,65906
556155,26,65963
556155,26,833795
556155,26,839009
556155,26,850056
556155,26,851293
556155,262,I1904009
556155,269,67CHG00012
556155,271,06RK08
556155,271,16Z1010
556155,271,31C159
556155,271,40VA01
556155,271,49B155
556155,271,57A208
556155,271,58S6
556155,271,762LK1
556155,271,839S18
556155,271,841A11
556155,271,852MM11
556155,271,879B34
556155,271,894R033
556155,276,Y2105D388
556155,276,Y2106H055
556155,276,Y2106S145
556155,276,Y2106VB11
556155,276,Y2110556
556155,276,Y2110656
556155,276,Y2111R182
556155,276,Y21275050
556155,276,Y2205E006
556155,276,Y2205IS34
556155,276,Y23043950
556155,276,Y23044234
556155,276,Y23109
556155,276,Y2310C099
556155,276,Y2315C315
556155,276,Y2315J322
556155,276,Y23202714
556155,276,Y2320T05
556155,276,Y23601007
556155,276,Y2424H111
556155,276,Y2455D74
556155,276,Y24692514
556155,276,Y2469AC
556155,276,Y25053701
556155,276,Y2505MY01
556155,276,Y2505XK03
556155,276,Y2505XM01
556155,276,Y2519126
556155,276,Y25618051
556155,276,Y26003001
556155,276,Y2601K06
556155,276,Y2668C01
556155,281,B26H00A186
556155,281,E23F006896
556155,281,E23P005012
556155,281,G21S005184
556155,281,H20M008226
556155,281,H20M008425
556155,281,H20S00NLK
556155,281,K17B007001
556155,281,K17S004848
556155,281,S8C00V105
556155,281,W4P003636
556155,29,N14D6416
556155,291,K17CSH012
556155,291,Z1JSJB01
556155,291,Z1MCPR10
556155,291,Z1MCSK80
556155,292,3408
556155,292,Y2AA001
556155,298,2867
556155,298,E23R013
556155,298,K171
556155,298,K1715346
556155,298,K1715824
556155,298,K1716576
556155,298,K1718402
556155,298,N141
556155,298,S816699
556155,298,T71244
556155,298,Y2V353
556155,3027,B26I03
556155,3027,B26M04
556155,3027,E23J1436
556155,3027,M15105871
556155,3027,M15108369
556155,3027,M15108642
556155,3028,59S003
556155,3028,M15004
556155,3028,W4011
556155,3033,D24809
556155,3037,M15011
556155,3038,6514
556155,3038,717C007
556155,3038,8048
556155,3038,81RP11
556155,3038,829RP09
556155,3038,83042
556155,3038,855NS01
556155,3038,862BP02
556155,3041,9R766
556155,3041,L16WN
556155,3041,Z1X119
556155,3042,0438
556155,3042,1739
556155,3042,5419
556155,3043,P112629
556155,3043,Q104026
556155,3043,W4251
556155,3045,Z11119
556155,3045,Z1999
556155,3045,Z1N04
556155,3048,54005
556155,3048,88048
556155,3052,X3KM01
556155,3053,N14Z11
556155,3053,Z1E10
556155,3053,Z1P110
556155,3054,P114H001
556155,3057,6129
556155,3057,8156
556155,3057,L16WN
556155,3057,X3SL
556155,3058,U6N23
556155,306,7040013001
556155,306,72300
556155,306,8530013216
556155,306,8530014054
556155,306,8530014122
556155,306,8530014591
556155,306,85900
556155,306,85900499
556155,306,85900633
556155,3060,L16WN
556155,3060,N14G230
556155,3062,N14S11
556155,3068,138
556155,3068,6657
556155,3068,K17993
556155,3068,M15612
556155,3068,Z1139
556155,3071,7525
556155,3079,75600052
556155,3081,I19239
556155,3086,F2211856
556155,3087,S83503
556155,3088,H20A02
556155,3089,S8001
556155,309,41164
556155,309,41444
556155,309,42101
556155,309,73601
556155,3094,Q10L11
556155,3094,X3G021
556155,3094,X3V107
556155,3094,X3Y510
556155,310,4011
556155,310,40R55
556155,310,40S98
556155,310,40X5
556155,310,58R1
556155,310,601456
556155,310,601512
556155,310,60202
556155,310,61M152
556155,310,730S17
556155,310,76RA54
556155,310,77CB
556155,3100,85214
556155,3100,85421
556155,3103,F22PS01
556155,3107,94M001
556155,311,4856
556155,311,5405
556155,3110,85509
556155,3110,89018
556155,3110,95015
556155,3113,K17023
556155,3119,I19A471
556155,3125,890001
556155,3125,890503
556155,3126,I19C007
556155,3132,N1418103
556155,3134,K17K14759
556155,3134,P11P29610
556155,314,22ED14
556155,314,28A52
556155,314,40M52
556155,314,466B03
556155,314,540P12
556155,314,63K014
556155,314,H20KM029
556155,314,H20KV001
556155,315,N14SBT521
556155,315,X3CP4
556155,315,Z1RSRSM
556155,316,722S005
556155,316,842N042
556155,316,847V107
556155,316,911L006
556155,316,975K071
556155,316,975R024
556155,316,994H065
556155,3170,M15NS10
556155,3175,L16WN
556155,318,K17329
556155,318,N14SR4074
556155,318,Z1SB004
556155,319,42JS01
556155,319,54A030
556155,319,86M222
556155,319,94S699
556155,319,96A786
556155,3199,N1420
556155,327,0398
556155,327,0399
556155,330,50G12
556155,330,50G460
556155,330,54D038
556155,330,54D058
556155,330,86A032
556155,330,93A400
556155,330,93R145
556155,330,E23R376
556155,330,K17S132
556155,335,W4121
556155,336,21004
556155,336,21913
556155,336,38251
556155,336,470001013
556155,336,485695
556155,336,509050002
556155,336,510000028
556155,336,6060013
556155,336,6060069
556155,336,611000029
556155,336,70211A017
556155,336,70212S024
556155,336,73200B001
556155,336,N149276
556155,336,N149876
556155,345,T7ES040
556155,345,T7IH010
556155,345,Y2KJ02
556155,345,Z1AD074
556155,345,Z1AK055
556155,345,Z1AS028
556155,346,X3HR076
556155,351,E23FS066
556155,351,G21QP009
556155,351,L16LA006
556155,351,L16LF001
556155,351,L16LR002
556155,351,N14GP217
556155,351,N14QM021
556155,351,N14QT001
556155,351,N14RA009
556155,351,S8GV016
556155,351,W4AA005
556155,351,W4AB006
556155,351,W4RR014
556155,351,X3SA204
556155,354,H20015
556155,359,G21014/1295
556155,359,W4031/3229
556155,366,73529
556155,366,73531
556155,366,L16WN
556155,375,2272
556155,375,4454
556155,375,A274096
556155,384,0000
556155,384,0135
556155,384,2004
556155,390,0532
556155,390,51050
556155,390,87011
556155,402,71B13
556155,402,Z1010
556155,404,51036
556155,408,W4D25481
556155,408,W4D25749
556155,414,01373
556155,414,01537
556155,414,0850
556155,414,42501
556155,414,H20A9003
556155,414,M15PA024
556155,414,M15S4777
556155,414,M15S4884
556155,414,M15S6914
556155,414,M15SC050
556155,417,Z11099
556155,428,27169
556155,428,39B018
556155,428,39K032
556155,428,45614
556155,428,72D076
556155,428,72SANJ
556155,428,72ZA
556155,428,7611J07
556155,428,94P002
556155,428,950018
556155,428,950027
556155,43,L16WN
556155,431,40935
556155,431,70004
556155,431,70026
556155,431,73000005
556155,431,W480092
556155,431,W4J33
556155,431,X3CS72
556155,434,L16WN
556155,439,M15459623
556155,439,M15461742
556155,439,M15525563
556155,439,M15543102
556155,447,0036
556155,448,0009
556155,453,H20216
556155,461,L16WN
556155,461,M1572
556155,461,N1411088
556155,461,U61
556155,469,C25KA223
556155,469,C25R1227
556155,469,E23JS72
556155,469,F22P0002
556155,469,F22P0292
556155,469,H20IAH2626
556155,469,H20SRK3
556155,469,H20ST30
556155,469,I19AJNN055
556155,469,J18BJ068
556155,469,J18D0007
556155,469,J18W061
556155,469,L16WN
556155,469,M15AGBG035
556155,469,M15AGBW003
556155,469,M15AGK705
556155,469,M15T0052
556155,469,N14SA900
556155,469,O13KOLK41972
556155,469,P11OLK47477
556155,469,P11OLK47919
556155,469,Q10DA036
556155,469,Q10DK020
556155,469,Q10DL008
556155,469,Q10DZMY09
556155,469,S8YN02
556155,469,V5NSA6121
556155,469,V5NSN208
556155,469,Y2A0325
556155,469,Y2AM097
556155,469,Y2AM168
556155,469,Y2B125
556155,469,Y2HD111
556155,469,Y2ID218
556155,469,Y2W7001
556155,475,Q10A05
556155,475,V5C01
556155,479,3050966
556155,479,9770273
556155,48,L16WN
556155,486,I19020
556155,486,L16WN
556155,489,0002
556155,493,26L184
556155,493,2AKA1
556155,493,2AKA97
556155,493,2GIMS10
556155,493,2MJ367
556155,493,6VKS
556155,493,L16WN
556155,493,N14IM01
556155,493,N14RM01
556155,493,V5W5010
556155,493,V5W8004
556155,493,X3MMK
556155,493,Y2DS42
556155,499,193
556155,50,80100209
556155,50,80100440
556155,50,80103234
556155,50,80103240
556155,50,80103437
556155,50,80103544
556155,50,80103629
556155,50,80103664
556155,50,80104632
556155,50,80111907
556155,50,80111934
556155,50,80500306
556155,50,81201153
556155,50,81207070
556155,50,81503099
556155,50,82900304
556155,50,83000319
556155,50,83100800
556155,50,83200079
556155,50,83300216
556155,50,83303034
556155,50,83800360
556155,50,84702308
556155,50,85200243
556155,504,4372
556155,504,72044
556155,504,87017
556155,514,E23PM15
556155,514,G21EK5
556155,514,G21ER2
556155,514,O13YA6
556155,514,Q10075
556155,514,T7098
556155,514,Z1BU2
556155,515,09038
556155,518,55209
556155,518,633114
556155,518,633615
556155,518,633727
556155,518,84117
556155,518,93S284
556155,519,Z1001
556155,521,E23BV038
556155,521,H20ID021
556155,521,H20IM043
556155,521,H20IS081
556155,521,H20JS009
556155,521,O133
556155,521,T7I011
556155,521,Z1J119
556155,521,Z1LN044
556155,53,E23DR2M022
556155,53,I19TNS018
556155,53,K1710720
556155,53,Q10PAJJ001
556155,53,Q10PL003
556155,53,Q10PU136
556155,53,R9NA044
556155,53,R9NGR245
556155,53,R9NP257
556155,53,R9NP329
556155,53,R9NS483
556155,53,R9NU024
556155,53,S8NT023
556155,53,S8NV078
556155,53,T7BN5P009
556155,53,T7MRP029
556155,53,T7NPG21
556155,53,T7NPK429
556155,53,Y2KR131
556155,53,Y2NDWS017
556155,53,Z1HM14S002
556155,53,Z1LBDS120
556155,53,Z1M1776
556155,534,X3G088
556155,538,84374
556155,538,L16WN
556155,539,L16WN
556155,543,L16WN
556155,552,L16WN
556155,556,M15018
556155,557,6092
556155,562,G21119
556155,562,M15028
556155,562,P11032
556155,562,W4192
556155,572,L16WN
556155,578,Z1G257
556155,587,L16WN
556155,587,Z102114
556155,587,Z102348
556155,587,Z102795
556155,587,Z102853
556155,587,Z115111
556155,587,Z161227
556155,587,Z165108
556155,587,Z191106
556155,587,Z191133
556155,59,8NC02
556155,59,H20D13
556155,59,H20P12
556155,59,K17460
556155,59,L16SM111
556155,59,P11005
556155,59,P11KK18
556155,59,Q106R04
556155,59,Q109M02
556155,59,Q10U03
556155,59,S8HM02
556155,59,U6101
556155,59,Y2K56
556155,59,Y2S673
556155,599,M15A0017
556155,599,X3SPA002
556155,60,H200990
556155,60,P11401
556155,600,T7S029
556155,612,94721
556155,615,H20019
556155,615,I19100
556155,615,N14102
556155,617,L16WN
556155,622,35100
556155,622,64124
556155,624,39601
556155,624,44099
556155,625,1222
556155,625,81025
556155,630,L16WN
556155,631,F222017
556155,631,F222074
556155,631,F222241
556155,631,L16WN
556155,631,X31000
556155,631,X31194
556155,631,X32070
556155,631,Z14308
556155,633,G21011
556155,635,E231406
556155,635,E232293
556155,635,E235997
556155,635,E237019
556155,635,H2014644
556155,635,H2017003
556155,635,H2018020
556155,635,H2018083
556155,635,H2019315
556155,635,H2023452
556155,635,H2023542
556155,635,H203643
556155,635,H206745
556155,635,H20B18
556155,635,I1910000
556155,635,I1913476
556155,635,I1914854
556155,635,I195406
556155,635,I199464
556155,635,I19B29
556155,635,I19CS044
556155,635,K177887
556155,635,K179913
556155,635,K17NR646
556155,635,L16154
556155,635,M151006
556155,635,M151544
556155,635,M156117
556155,635,M157938
556155,635,M158205
556155,635,M158223
556155,635,N1415838
556155,635,N142545
556155,635,N143392
556155,635,N14623
556155,635,N14865
556155,635,N149232
556155,635,N14VD72
556155,635,O13149
556155,635,O132420
556155,635,P1112777
556155,635,P1113003
556155,635,P1113133
556155,635,P116221
556155,635,P119123
556155,635,Q101111
556155,635,Q102552
556155,635,Q10777
556155,635,Q10OD2149
556155,635,R9386
556155,635,R9LA33
556155,635,S84854
556155,635,S86460
556155,635,T7A39
556155,635,T7K79
556155,635,W4667
556155,635,W46886
556155,635,W46940
556155,635,W4X09
556155,635,W4X51
556155,635,Z115515
556155,635,Z116589
556155,635,Z18189
556155,635,Z19999
556155,638,86042
556155,643,75299
556155,643,85A013
556155,643,85V014
556155,643,99459
556155,65,56M011
556155,65,703V001
556155,656,73071
556155,659,E23PA84
556155,659,E23PO72
556155,659,G21D0SG1
556155,659,H20M0SS5
556155,659,H20SAA2459
556155,659,H20U0MP2
556155,659,H20Y0NK2
556155,659,I19A1S162
556155,659,I19C0RT1
556155,659,I19J0RR1
556155,659,K17A0002
556155,659,K17C0PH1
556155,659,L16I0AS3
556155,659,Q10A0700
556155,659,Q10L0SD1
556155,659,T7C0513
556155,659,T7CA084
556155,659,T7E0AS2
556155,659,U6A0MZ2
556155,659,U6A0PH1
556155,659,W4N1N148
556155,659,W4N1V22
556155,659,W4N8A01
556155,659,X3A0007
556155,659,X3G029
556155,659,X3G031
556155,661,N14159
556155,67,2049
556155,677,H20237
556155,681,H20111
556155,686,60
556155,686,H200913
556155,686,L16105
556155,686,M151166
556155,686,M153019
556155,686,R9003
556155,686,W4B006
556155,695,82448
556155,696,I192F94
556155,696,I19JE61
556155,696,J18EQ12
556155,696,J18JK30
556155,696,S8C555
556155,696,S8RU38
556155,696,S8ZX85
556155,696,Z1DK26
556155,708,80028
556155,71,80263
556155,720,32900
556155,720,50191
556155,720,57023
556155,720,58918
556155,720,70801
556155,720,72286
556155,720,73001
556155,720,73306
556155,736,67168
556155,736,85045
556155,736,Q10K3576
556155,74,K17M026
556155,741,E23567
556155,741,W4044
556155,741,Y2071
556155,747,8A327
556155,748,K17034
556155,748,N14041
556155,750,07G005
556155,750,08A044
556155,750,14S10
556155,750,34680
556155,750,51B071
556155,750,51M021
556155,750,51S157
556155,750,51YA18
556155,750,57A070
556155,750,71N119
556155,750,79N012
556155,750,80S679
556155,750,82C001
556155,750,82J016
556155,750,84M029
556155,750,88CJ359
556155,750,89S218
556155,750,91P068
556155,76,1918
556155,761,Z1003
556155,762,T70210
556155,768,5523
556155,768,80008
556155,770,30030
556155,770,30191
556155,770,72140
556155,770,72200
556155,770,82401
556155,771,01163
556155,771,03391
556155,771,04571
556155,771,14224
556155,771,17921
556155,771,36326
556155,771,39576
556155,771,52147
556155,771,71592
556155,771,811047
556155,771,812814
556155,771,822230
556155,771,822421
556155,771,823054
556155,771,830426
556155,771,831113
556155,771,831700
556155,771,833134
556155,771,834216
556155,771,836411
556155,771,836977
556155,771,839201
556155,790,64P001
556155,790,66B001
556155,790,749R008
556155,790,863A004
556155,792,3012
556155,794,5717
556155,794,I193021
556155,794,I193062
556155,794,Q108024
556155,799,L16WN
556155,802,I19ST
556155,802,L16WN
556155,802,N14ES
556155,802,Z1GS18
556155,802,Z1RA076
556155,814,K1708038
556155,814,K1711111
556155,814,K1712014
556155,814,K1718062
556155,815,47000
556155,815,50002
556155,815,6600
556155,815,7910
556155,815,803000
556155,820,K17A03
556155,822,70008
556155,822,88491
556155,822,88743
556155,85,E23045
556155,90,N14123J003
556155,90,N14123M999
556155,90,N14123N123
556155,923,67SS39
556155,925,833VNK
556155,925,906R096
556155,927,L16WN
556155,929,355R005
556155,929,722P007
556155,929,881S014
556155,929,L16WN
556155,930,Q10A4463
556155,933,E2327
556155,933,I19G7061
556155,933,M1528004
556155,933,N14U2026
556155,933,O136157
556155,933,P111204
556155,933,Q10A1087
556155,933,Q10K1076
556155,933,W4A9001
556155,933,W4A9067
556155,933,Z1A671
556155,933,Z1N9001
556155,935,I191941
556155,935,K171427
556155,94,1022
556155,94,1722
556155,94,I19066
556155,94,L16WN
556155,940,656007
556155,940,656878
556155,940,7142802
556155,941,D24866JS01
556155,944,M15VC5
556155,945,W4006
556155,948,826D052N
556155,957,I19116
556155,958,2501
556155,958,85045
556155,960,0414
556155,960,810103
556155,962,P11103
556155,963,Q10054
556155,964,3521B
556155,965,P111184
556155,965,P1137
556155,965,P1141
556155,966,2U44
556155,966,8AS072
556155,966,8MA200
556155,966,8SH142
556155,966,G21A042
556155,966,S8I020
556155,97,2703
556155,97,56082
556155,97,7120
556155,97,87470
556155,974,83P001
556155,975,88B56
556155,975,I19BHS1
556155,975,Z11OM
556155,978,V5175S1865
556155,979,912889
556155,979,913909
556155,979,913939
556155,989,72004
556155,989,80044
556155,989,81006
556155,990,H202S002
554412,310,902CP83
554412,493,09S201
554412,572,4700
554412,770,46118
555835,271,10101
555835,3045,Z1999
555835,3056,L16WN
555835,3175,L16WN
555835,631,L16WN
555835,799,L16WN
555835,802,H20TFAC17
556114,112,8S031
556114,144,25005
556114,149,91N32
556114,202,M15ALIB636
556114,2024,G21B780
556114,2024,H20I01
556114,205,P11LB2A86
556114,207,202153
556114,208,I19CS03
556114,208,U672V064
556114,238,X3DV
556114,24,H20A32
556114,254,L16WN
556114,271,29K1
556114,271,821B137
556114,271,821R061
556114,276,Y2205DM02
556114,276,Y2455P23
556114,286,90562562
556114,287,48001
556114,290,5903
556114,298,W4D131
556114,3027,B26I03
556114,3041,N14I180
556114,3048,61221
556114,3094,N14FL
556114,310,74L710
556114,315,H20NP2
556114,316,926J508
556114,316,983B020
556114,316,991N31
556114,318,M15SD005
556114,3197,T7001
556114,3202,W4BK06
556114,327,0399
556114,327,2830
556114,330,G21063
556114,345,H20IP001
556114,345,Y2KD02
556114,345,Y2KK02
556114,345,Z1AM109
556114,391,W43058
556114,428,10018
556114,428,921577 1
556114,447,50369
556114,461,L16WN
556114,469,I19AJJJ136
556114,469,I19K7478
556114,469,I19NPP0153
556114,469,I19NPP0377
556114,469,K17IVB12
556114,469,M15AGMA09
556114,469,V5NSN180
556114,48,4811
556114,489,88012
556114,493,P11OS01
556114,50,80112014
556114,50,81803988
556114,50,83200814
556114,50,85600363
556114,514,V5IB4
556114,52,5BHAME
556114,52,5REENA
556114,521,H20A06
556114,521,H20JS1215
556114,521,K17G031
556114,53,Z1ND1I001
556114,578,L16WN
556114,59,Q1015S02
556114,602,L16WN
556114,624,51284
556114,631,X31000
556114,631,X31194
556114,635,H2014573
556114,635,H2024624
556114,635,N149516
556114,635,N14A17
556114,635,Q107619
556114,659,H20AGBS6
556114,659,H20AGLK1
556114,677,K17P506
556114,715,H2011133
556114,720,50559
556114,732,60622
556114,734,L16WN
556114,750,36DD01
556114,770,80672
556114,795,4268
556114,799,N1451001
556114,799,N1451008
556114,927,L16WN
556114,929,871L003
556114,933,C2530082
556114,933,J184419
556114,933,W4B2035
556114,933,Z1W4010
556114,936,80082
556114,939,I1930
556114,944,K17KS41
556114,975,X3H111
556114,989,84124
556155,112,55S028
556155,112,89S127
556155,112,89V504
556155,120,L16WN
556155,129,70027
556155,205,Q10530
556155,207,206799
556155,254,L16WN
556155,291,Z1JSJB01
556155,3041,E23275
556155,3045,Z1999
556155,3056,L16WN
556155,3057,L16WN
556155,309,73601
556155,313,N14003
556155,314,46DJ02
556155,316,869K001
556155,3175,L16WN
556155,3199,L16WN
556155,3205,G21P2
556155,3205,G21P41
556155,330,93G469
556155,351,A27TS015
556155,375,7505
556155,391,H20G008
556155,391,M155403
556155,469,E23ACK10
556155,469,F22P0214
556155,469,N14FM050
556155,469,Y2B127
556155,498,L16WN
556155,50,80100518
556155,50,80101991
556155,50,80107298
556155,50,80111381
556155,50,83000033
556155,515,09023
556155,515,09047
556155,53,G21ZR058
556155,53,Q10PM730
556155,53,T7PU6V003
556155,53,Y2VWM062
556155,538,L16WN
556155,574,7015
556155,631,N142070
556155,631,X31000
556155,631,X31194
556155,635,Q10AIP324
556155,635,Y23837
556155,635,Z117569
556155,681,H20111
556155,696,N14I662
556155,736,41008
556155,741,U60016
556155,771,815902
556155,771,830277
556155,790,864G001
556155,802,M15IR
556155,811,L16WN
556155,923,71JSU
556155,927,L16WN
556155,929,871S010
556155,940,440099
556155,940,656945
556155,966,I19A336
556155,989,81014
554412,310,902CP83
555835,129,61002
555835,129,61345
555835,129,61382
555835,26,51903
555835,26,862505
555835,271,10P600
555835,287,48001
555835,375,7505
555835,469,I19NPA0129
555835,493,K17R524
555835,59,P11005
555835,635,Q101365
555835,802,H20TFAC17
555835,933,Z1H1008
556114,112,39D284
556114,112,H20K05
556114,138,L16WN
556114,148,84800002
556114,149,63J4
556114,149,67B5
556114,169,H20075
556114,2023,L16WN
556114,208,K17B102
556114,208,K17K152
556114,208,K17R121
556114,232,9C035
556114,254,L16WN
556114,26,837789
556114,271,821R061
556114,287,48001
556114,298,E23R013
556114,3027,G21M929
556114,3037,L16WN
556114,3038,829MR03
556114,3038,U6184
556114,3040,L16WN
556114,3047,T7034
556114,3057,L16WN
556114,3071,7525
556114,3079,10700032
556114,3088,H20Y001
556114,310,15CV7
556114,3134,H20D9311
556114,314,76TM03
556114,3147,3624
556114,316,991N31
556114,3175,L16WN
556114,327,0399
556114,327,2015
556114,327,2830
556114,330,89BP001
556114,345,H20IS053
556114,345,I19011
556114,351,M15YJ007
556114,351,N14KD046
556114,391,W43058
556114,408,M15525320
556114,416,687250
556114,428,L16WN
556114,431,65031
556114,434,L16WN
556114,469,I19AJJJ105
556114,469,I19AJJJ235
556114,469,K17LP0278
556114,469,M15AGV018
556114,493,09R301
556114,498,L16WN
556114,50,80600875
556114,50,88500492
556114,514,H20167
556114,52,5BHAME
556114,52,5PARSH
556114,521,H20235
556114,521,H20A06
556114,53,W4IG116
556114,53,Y2NDWM004
556114,538,L16WN
556114,542,8N99
556114,572,L16WN
556114,578,L16WN
556114,580,6600
556114,612,94721
556114,635,M15363
556114,635,N144138
556114,635,Y26996
556114,635,Z112533
556114,659,I19I0RS1
556114,659,K17D0BP1
556114,659,Y2D0NS1
556114,683,Z1110
556114,686,I195
556114,686,M153233
556114,696,J182934
556114,696,Q102263
556114,696,S8AIK7
556114,732,60622
556114,741,Q10204
556114,770,L16WN
556114,771,846461
556114,933,C2530082
556114,934,I19552
556114,935,K171999
556114,939,I1930
556114,941,D24866DS01
556114,942,840747
556114,956,P11DP126
556114,963,Y2005
556114,97,7120
556114,973,69034
556114,989,84124
556114,990,X3N009
556155,120,E23003 2
556155,120,L16WN
556155,138,L16WN
556155,138,Z111000
556155,164,60B031
556155,167,L16WN
556155,187,S8O1411
556155,192,Z1093
556155,212,606644
556155,254,L16WN
556155,258,J18RJK09
556155,26,36416
556155,26,L16WN
556155,271,851A09
556155,276,Y2264PP
556155,298,N141
556155,3036,H20S9
556155,3056,L16WN
556155,306,9530013942
556155,306,9870013611
556155,3068,H201839
556155,3088,H20309
556155,309,42171
556155,3125,890001
556155,314,330121
556155,314,46KJ01
556155,3207,L16WN
556155,330,25003
556155,330,63A012
556155,335,W4121
556155,366,L16WN
556155,384,0000
556155,469,E23ACK10
556155,469,H20P1012
556155,469,J18BJ012
556155,469,J18D0007
556155,469,Q10DZSG07
556155,469,Y2AM098
556155,469,Y2B127
556155,493,H20QS08
556155,493,V5W8002
556155,518,861474
556155,518,86978
556155,521,O131476
556155,538,L16WN
556155,542,8SC6
556155,572,L16WN
556155,575,I19R01
556155,587,L16WN
556155,59,H20TS12
556155,59,P11005
556155,615,I19100
556155,635,H2026687
556155,635,H205952
556155,635,K175920
556155,635,U6142
556155,635,W4X09
556155,635,Y26996
556155,635,Z113305
556155,659,H20O0PM1
556155,661,W4053
556155,681,H20111
556155,686,M151337
556155,741,U60016
556155,748,H20164
556155,750,14W6
556155,750,51YA18
556155,770,67121
556155,770,72200
556155,770,82020
556155,770,L16WN
556155,771,18107
556155,771,847364
556155,771,89751
556155,799,N1457006
556155,802,I19S011
556155,802,L16WN
556155,802,M15IR
556155,814,K1712014
556155,815,50086
556155,815,53096
556155,927,H20AGH
556155,927,L16WN
556155,929,351T028
556155,933,E23L2133
556155,940,440099
556155,940,656945
556155,944,K17RS47
556155,944,L16WN
556155,960,0732
556155,962,P11103
556155,973,Y2VL00006
556155,975,P11332
556155,979,913939
556155,990,Q10P001
555835,3056,L16WN
555835,315,P11MJRJ01
555835,375,7505
556114,112,K17P37
556114,134,45548
556114,145,Y215B09
556114,145,Y237189
556114,145,Y238230
556114,149,5904P005
556114,152,W4L0110003
556114,152,W4L0110009
556114,152,W4L0110116
556114,195,Z1S108
556114,195,Z1W289
556114,197,W4V131
556114,197,Z1CN30
556114,202,W4EVMEENA
556114,202,Y2HDINESH
556114,2023,L16WN
556114,2024,N14V21
556114,204,X3K304
556114,207,204617
556114,208,K17B102
556114,208,K17K152
556114,208,U618N001
556114,208,U658M001
556114,208,U686A011
556114,208,U686P046
556114,212,052004
556114,212,052024
556114,212,066568
556114,212,606594
556114,220,781013
556114,220,854052
556114,239,86K001
556114,249,K17TJ001
556114,254,L16WN
556114,258,E23IN250
556114,258,Q10ES07
556114,26,36416
556114,26,47322
556114,26,755007
556114,26,831207
556114,26,854005
556114,269,59BHA00002
556114,271,49B205
556114,276,Y2320BB16
556114,276,Y2505AN01
556114,281,E23P005014
556114,286,9667EE02
556114,298,E23R013
556114,298,E23R026
556114,298,E23R066
556114,3027,E23S509
556114,3027,F22A183
556114,3032,W4PD101
556114,3035,K17L156
556114,3038,U6184
556114,3038,W4390
556114,3041,Z1F335
556114,3043,I191915
556114,3047,T7034
556114,3056,L16WN
556114,306,9890019018
556114,3068,0396
556114,3068,N14B164
556114,3071,7117
556114,3094,X3V107
556114,310,15CV7
556114,310,26ZA09
556114,310,406
556114,310,67DB
556114,310,74S757
556114,3129,Y2BP07
556114,3134,H20D9311
556114,314,46AS01
556114,315,N14SBU797
556114,3170,U6FS41
556114,3175,L16WN
556114,318,M15SN006
556114,3202,E230016
556114,3202,G21KMG2
556114,3202,W4BN13
556114,3205,E23S438
556114,327,0399
556114,330,81101
556114,330,93IG005
556114,336,21215
556114,336,831000025
556114,336,831000126
556114,359,67002
556114,359,67005
556114,359,67024
556114,359,67034
556114,408,H20Z289367
556114,408,W4D25749
556114,414,Y2I2281
556114,428,16008
556114,428,924610
556114,431,54271
556114,431,65031
556114,434,L16WN
556114,469,C25RL134
556114,469,H20LMD100
556114,469,H20LMN24
556114,469,I19C0102
556114,469,I19J7526
556114,469,M15AGBB039
556114,469,Q10AL0021
556114,469,W4BB098
556114,469,X3P0011
556114,469,Y2AM026
556114,469,Y2AM096
556114,469,Y2KN587
556114,472,T7039
556114,475,V5C01
556114,493,L16WN
556114,493,T7UG01
556114,50,83109093
556114,50,84702482
556114,514,T7DP9
556114,521,H20235
556114,521,K17G020
556114,53,O13U48M11
556114,53,O13U48R12
556114,53,Q10PBWM009
556114,53,Q10PS100
556114,53,T7PUJ012
556114,53,W4N5M004
556114,53,Z1M1776
556114,538,L16WN
556114,542,8N99
556114,572,L16WN
556114,575,K17J40
556114,578,L16WN
556114,587,Z1491149
556114,59,Q106S01
556114,59,Y2S642
556114,624,51284
556114,624,51359
556114,631,Z11312
556114,635,E239584
556114,635,H2019420
556114,635,H2020839
556114,635,I1915742
556114,635,I19860
556114,635,K17AA022
556114,635,M156640
556114,635,N1410008
556114,635,N141384
556114,635,N14E93
556114,635,O131879
556114,635,P11Y01
556114,635,Q107619
556114,635,Q108601
556114,635,W410369
556114,635,W42926
556114,635,Y2T71
556114,635,Z113924
556114,635,Z114280
556114,659,Y2D0NS1
556114,659,Z1Y0BJ1
556114,666,L16WN
556114,683,P11152
556114,696,C25ZZ64
556114,717,L16WN
556114,720,64116
556114,720,72355
556114,771,39950
556114,771,40274
556114,771,40758
556114,771,80913
556114,771,818076
556114,771,81892
556114,771,841233
556114,771,842442
556114,771,845699
556114,799,N1415001
556114,800,G21058
556114,815,24024
556114,820,E23NB1
556114,820,K17PN1
556114,821,E23J002
556114,822,60048
556114,822,70496
556114,927,L16WN
556114,930,E23S1174
556114,933,C2530082
556114,933,J18250
556114,933,W4B2012
556114,937,U62087
556114,94,X3168
556114,941,D24659M105
556114,956,1821
556114,956,M15AN111
556114,96,89016
556114,960,75R01
556114,966,98M14
556114,97,7120
556114,978,V514N520
556114,982,N1400032688
556155,112,39S139
556155,112,89V504
556155,112,Z1
556155,129,70027
556155,129,L16WN
556155,134,72462
556155,145,Y214145
556155,145,Y233001
556155,145,Y243038
556155,145,Y243080
556155,145,Y243087
556155,148,48600015
556155,149,67B5
556155,149,94565
556155,167,L16WN
556155,193,3004
556155,2023,L16WN
556155,205,Q10530
556155,258,15K29
556155,258,J18RJK09
556155,258,K17Y8
556155,26,43252
556155,268,H20GE007
556155,271,03SRM1
556155,276,Y2264ND
556155,276,Y2421A1
556155,276,Y24692514
556155,276,Y24699599
556155,29,P11MB04
556155,291,Z1JSKP02
556155,291,Z1MCPR10
556155,298,K1713790
556155,3026,1017
556155,3041,G21B109
556155,3043,N143058
556155,3045,T7212
556155,3049,7406
556155,3056,L16WN
556155,3057,L16WN
556155,306,60200B001
556155,3068,6803
556155,3088,H20309
556155,309,42171
556155,309,73601
556155,310,01M45
556155,310,74R788
556155,3110,73015
556155,3134,Q10K30805
556155,316,869K001
556155,316,877B276
556155,316,941D014
556155,3175,L16WN
556155,318,Z1IA083
556155,3180,N14T552
556155,3202,M15W
556155,3202,W4DA208
556155,3205,G21P2
556155,3205,G21P77
556155,3205,G21P83
556155,330,91RAG023
556155,335,W4121
556155,336,71600A005
556155,345,E23CM255
556155,345,Y2H664
556155,351,K17BS041
556155,351,N14ZK001
556155,351,T7SA352
556155,365,4SY09
556155,366,L16WN
556155,384,2001
556155,390,76128
556155,428,942846
556155,43,L16WN
556155,431,54010
556155,431,73050038
556155,469,H20P1012
556155,469,J18BJ012
556155,469,V5NSN257
556155,469,X3A203
556155,469,X3IZ001
556155,469,Y2AM096
556155,469,Y2B127
556155,493,S8X001
556155,493,W4T051
556155,50,81701745
556155,50,83000033
556155,50,83300216
556155,504,76004
556155,514,P11BB53
556155,515,09023
556155,515,09047
556155,518,01148
556155,518,86948
556155,53,K17TANV002
556155,53,N14UMB1R011
556155,53,Q10PM730
556155,53,Q10PSGV001
556155,53,T7NP3B09
556155,538,86994
556155,538,L16WN
556155,539,L16WN
556155,587,Z173R999
556155,587,Z191133
556155,587,Z196134
556155,59,Q1015S02
556155,591,5861
556155,617,L16WN
556155,631,N142064
556155,631,N142070
556155,635,H2024148
556155,635,K17137
556155,635,M159670
556155,635,P1112937
556155,635,Q10AIP324
556155,635,U6142
556155,635,W4X09
556155,635,Z117569
556155,636,L16WN
556155,659,B26B1NK01
556155,659,H20O0TM1
556155,659,P11A03105
556155,659,X3G069
556155,661,W4053
556155,681,Y2011
556155,686,L16G01
556155,696,E23NGJ4
556155,696,H20EH64
556155,696,H20KV49
556155,741,H200622
556155,741,I19656
556155,741,U60016
556155,741,X30121
556155,748,H20164
556155,748,U6019
556155,748,W4085
556155,750,025060
556155,76,85051
556155,770,67121
556155,770,72200
556155,770,L16WN
556155,771,3394
556155,771,813821
556155,771,839639
556155,771,847016
556155,771,847364
556155,771,D24394029
556155,802,M15IR
556155,802,S8OJ12
556155,815,50040
556155,815,53096
556155,815,56006
556155,927,L16WN
556155,930,M15J
556155,933,E2322
556155,933,H20U1230
556155,933,J18250
556155,935,H20029
556155,940,440099
556155,940,656945
556155,940,8667309
556155,940,8667727
556155,941,T7030R151
556155,966,H20H228
556155,97,7120
556155,975,P11332
556155,990,Q10P001
554412,205,W47
554412,365,1R35
555835,161,3461
555835,3056,L16WN
555835,3175,L16WN
555835,802,H20TFAC17
556114,120,L16WN
556114,134,36679
556114,134,54248
556114,134,54453
556114,145,I1919007
556114,148,47800012
556114,149,5906B003
556114,149,91N32
556114,164,60B031
556114,164,61G006
556114,164,87B003
556114,164,87S166
556114,197,I19US01
556114,197,W4S335
556114,202,N14ANISGAN
556114,2023,L16WN
556114,205,P11LB2A86
556114,205,Y2HB1V1
556114,208,U658M001
556114,208,U673G004
556114,212,066529
556114,212,066572
556114,232,9C035
556114,24,S8J02
556114,254,L16WN
556114,271,762LK1
556114,271,894L005
556114,271,894S012
556114,271,894S014
556114,276,Y2106S145
556114,276,Y2111A146
556114,276,Y2320116
556114,276,Y2470S032
556114,281,E23P005014
556114,281,H20A00A60
556114,281,H20S00049
556114,287,48001
556114,29,N14L6444
556114,298,W4D131
556114,3027,I19R528
556114,3027,M15124949
556114,3035,K17L156
556114,3049,4022
556114,3056,L16WN
556114,306,72100
556114,3068,P111017
556114,309,42101
556114,310,26ZA09
556114,310,404
556114,314,6D0008
556114,314,79A007
556114,3142,993N048
556114,316,995Z084
556114,3164,28
556114,319,72NJ04
556114,3199,N1420
556114,3199,Y220
556114,3205,W4W122
556114,327,0320
556114,351,G21QG003
556114,351,Y2JG037
556114,366,L16WN
556114,384,2080
556114,414,I19PD004
556114,428,7213155
556114,431,W4V53
556114,431,X3JU01
556114,461,L16WN
556114,469,Y2KN587
556114,479,3280001
556114,479,9710032
556114,493,A27ZX001
556114,493,B26E001
556114,493,B26E021
556114,493,L16WN
556114,493,N14VA01
556114,498,L16WN
556114,50,80103540
556114,50,80107104
556114,50,80400152
556114,50,81200309
556114,50,83900356
556114,50,84700888
556114,50,84702027
556114,504,76004
556114,515,L16WN
556114,521,H20S2655
556114,557,L16WN
556114,572,4501
556114,572,4502
556114,631,H20048
556114,631,X31000
556114,635,G211024
556114,635,H2027037
556114,635,I19A72
556114,635,K173284
556114,635,M152426
556114,635,M15B59
556114,635,N142834
556114,635,N14865
556114,635,N14E93
556114,659,Q10M0JZ1
556114,659,R9I00031
556114,659,U6A0MW6
556114,659,W4L0DP01
556114,686,K17600
556114,686,W4M067
556114,687,80405
556114,696,H2047G4
556114,696,J18JI80
556114,71,0509
556114,750,11G25
556114,750,36DR75
556114,771,52764
556114,790,39B015
556114,790,460P009
556114,799,N1451001
556114,802,H20A147
556114,814,Z15678
556114,815,50040
556114,87,5025
556114,87,5251
556114,933,H20U1187
556114,933,W41098
556114,940,702R0521
556114,944,W4P08
556114,959,I19K65
556114,975,U65005
556114,979,913939
556155,148,48600015
556155,148,80500038
556155,155,Z100394197
556155,161,3461
556155,202,Y2ABUPALA
556155,205,Q10530
556155,208,U644S015
556155,210,00009
556155,26,36416
556155,271,851A09
556155,276,Y2320M11
556155,276,Y24699599
556155,276,Y2611M08
556155,281,N14T00P093
556155,287,4825
556155,292,Y2AD002
556155,298,L16WN
556155,3039,87H006
556155,3043,N143058
556155,3045,Z1351
556155,3045,Z1999
556155,3056,L16WN
556155,3057,L16WN
556155,3068,73246
556155,3088,K17S15
556155,309,42171
556155,3094,Q10PJ348
556155,314,6D0008
556155,316,869K001
556155,316,919RS51
556155,316,941D014
556155,3175,L16WN
556155,3205,G21P2
556155,3205,G21P77
556155,330,91RAG001
556155,330,93N498
556155,351,P11BD001
556155,351,S8GS060
556155,351,V5LR009
556155,354,H20015
556155,387,I19012
556155,389,72061
556155,428,L16WN
556155,431,54010
556155,447,5853
556155,453,H20216
556155,469,C25PA2022
556155,469,F22P0001
556155,469,H20P1012
556155,469,M15AC606
556155,469,T7FSH053
556155,469,T7FSH116
556155,469,U6ER04
556155,469,Y2B127
556155,493,S8X001
556155,493,X3MSP
556155,50,83000033
556155,50,83300216
556155,53,N14DR3R001
556155,53,Q10PSGB003
556155,59,P11005
556155,59,Q109A02
556155,631,N142064
556155,631,P112064
556155,635,H2026436
556155,635,H202934
556155,635,I19AJ089
556155,635,I19Y42
556155,635,K178067
556155,635,Q103600
556155,635,Q10AIP324
556155,635,S86920
556155,76,85202
556155,770,67121
556155,771,16061
556155,771,D24138937
556155,802,M15IR
556155,802,S8OJ12
556155,814,Z13086
556155,815,69049
556155,815,83005
556155,923,71JSU
556155,933,E2322
556155,933,G2130203
556155,933,L16WN
556155,934,L16WN
556155,940,656945
556155,940,7132521
556155,960,46002
556155,979,95NU71
554412,3041,9P109
554412,316,919P121
554412,475,H20G31
554412,572,4700
556114,112,N14555
556114,138,L16WN
556114,202,Y2ALLER11
556114,2024,C25V01
556114,205,P11LB2A86
556114,210,61011
556114,212,052004
556114,212,052024
556114,227,E23117
556114,227,N14199
556114,239,86K001
556114,258,731
556114,258,K17P029
556114,26,755009
556114,26,755175
556114,276,Y2315M281
556114,281,H20S00049
556114,281,Z1A00A146
556114,286,9667ES63
556114,298,E23R064
556114,298,E23R066
556114,3038,Z1600
556114,3040,L16WN
556114,3041,9H039
556114,3041,H20V039
556114,3056,L16WN
556114,3060,L16WN
556114,3071,7117
556114,3088,H20Y001
556114,3129,Y2BP07
556114,3134,M15N22503
556114,316,991N31
556114,3175,L16WN
556114,318,M15SH006
556114,3199,L16WN
556114,3199,N1420
556114,321,Q10L16
556114,327,0399
556114,327,2015
556114,345,Y2KD02
556114,345,Y2KK02
556114,359,6355
556114,366,L16WN
556114,428,L16WN
556114,469,W4VN246
556114,479,3280001
556114,48,4811
556114,50,80107104
556114,50,84700888
556114,521,I19DJ01
556114,521,Z1J153
556114,53,O13U20D14
556114,53,O13U48R18
556114,580,88001
556114,587,L16WN
556114,59,B26D04
556114,59,B26U01
556114,59,P11005
556114,612,94721
556114,624,2742
556114,631,X31998
556114,635,I1917008
556114,635,K173284
556114,635,M152050
556114,635,N1410008
556114,635,Z113924
556114,635,Z1L506
556114,666,L16WN
556114,687,78333
556114,720,73001
556114,771,40758
556114,771,842442
556114,795,4268
556114,802,H20TFAC17
556114,815,53096
556114,927,L16WN
556114,933,V52553
556114,944,W4P08
556114,96,89016
556114,97,7120
556114,975,T7501
556155,148,80501760
556155,164,81H001
556155,176,Z12008
556155,239,89S011
556155,239,89S012
556155,271,851A09
556155,276,Y24692514
556155,298,Y2V320
556155,3034,0A110
556155,3056,L16WN
556155,3057,L16WN
556155,3068,6803
556155,3075,F22V89
556155,3091,I195H003
556155,314,14AP02
556155,316,869K001
556155,316,964I013
556155,3175,L16WN
556155,3199,Y2P1
556155,3202,M15W
556155,3202,W4DA208
556155,3205,G21P2
556155,3205,G21P77
556155,330,93N498
556155,330,H20614
556155,351,N14ZK001
556155,354,H20015
556155,384,2017
556155,431,X3JU01
556155,469,U6ER04
556155,50,80107298
556155,50,83000033
556155,53,M15M002
556155,53,T7PU6V003
556155,575,K17B31
556155,59,E23389
556155,633,R9001
556155,635,H2023568
556155,635,H202934
556155,720,73001
556155,802,M15IR
556155,933,I19G5076
556155,940,440099
556155,97,7120
556155,97,78137
556155,979,95NU71
554412,572,4700
555835,148,64300799
555835,149,67A13
555835,149,67B1
555835,149,67B5
555835,167,L16WN
555835,202,75SUNITA
555835,2023,L16WN
555835,254,L16WN
555835,258,731
555835,3045,Z1999
555835,3056,L16WN
555835,3149,L16WN
555835,316,944U042
555835,316,991N31
555835,3175,L16WN
555835,318,K17329
555835,318,M15SH006
555835,327,0399
555835,327,2015
555835,345,Y2KD02
555835,404,L16WN
555835,431,81041
555835,439,M15525501
555835,469,K17AR329
555835,469,X3L0151
555835,498,L16WN
555835,515,09023
555835,521,H20A06
555835,59,P11005
555835,635,M15363
555835,717,1211
555835,720,5627
555835,799,L16WN
556114,148,80700634
556114,258,J18YD02
556114,276,Y2455U36
556114,3027,I19D1445
556114,3041,G21B934
556114,3045,N14101
556114,306,9890019067
556114,3060,L16WN
556114,3094,Q10P12
556114,316,736N123
556114,3175,L16WN
556114,318,Q10PH013
556114,3205,M15
556114,3205,W4W99
556114,351,X3SA225
556114,408,M15525361
556114,48,4811
556114,53,Q10PS100
556114,53,T7NPW801
556114,572,L16WN
556114,578,L16WN
556114,635,I1914273
556114,635,N14E93
556114,771,836013
556114,791,T7S02
556114,802,L16WN
556114,941,M15619TGUJ
556155,149,94565
556155,161,5001
556155,208,U6126K001
556155,214,Z1D060037
556155,276,Y2505WB14
556155,281,I19M005056
556155,3038,K17K06
556155,3041,M15R124
556155,3045,T7212
556155,3045,Z1999
556155,3087,S82540
556155,3088,H20309
556155,3091,I195A023
556155,315,Q10SB0092
556155,3175,L16WN
556155,375,A278702
556155,387,I19012
556155,414,S8YN067
556155,414,X3NJ019
556155,475,1N001
556155,504,62476
556155,53,T7PU6V003
556155,542,8A63
556155,575,K17B31
556155,659,B26B1NK01
556155,686,Y2623
556155,771,16061
556155,802,M15IR
556155,802,Q10YB01
556155,802,S8OJ12
556155,927,L16WN
556155,933,E2322
556155,956,420
556155,960,46002
556155,960,817009
